{"xgb_n_estimators": 134, "xgb_learning_rate": 0.014603131515217464, "xgb_max_depth": 5, "xgb_subsample": 0.93755328955588, "xgb_colsample_bytree": 0.7864317230042231, "xgb_alpha": 0.002648884125180074, "xgb_lambda": 0.100136236999118, "lgb_n_estimators": 120, "lgb_learning_rate": 0.03943295015728283, "lgb_max_depth": 5, "lgb_subsample": 0.864909588323362, "lgb_colsample_bytree": 0.9765382707139538, "lgb_reg_alpha": 0.023921772933889984, "lgb_reg_lambda": 0.003952413230500474, "cat_n_estimators": 130, "cat_learning_rate": 0.08183134171916119, "cat_depth": 6}