{"xgb_n_estimators": 141, "xgb_learning_rate": 0.02243696597838369, "xgb_max_depth": 6, "xgb_subsample": 0.7329600596911882, "xgb_colsample_bytree": 0.8951929702360247, "xgb_alpha": 0.1901011096974592, "xgb_lambda": 0.05398686195204471, "lgb_n_estimators": 108, "lgb_learning_rate": 0.022319509326864183, "lgb_max_depth": 5, "lgb_subsample": 0.7785339605916318, "lgb_colsample_bytree": 0.9181058030481488, "lgb_reg_alpha": 0.02517398700803483, "lgb_reg_lambda": 0.016989230785867313, "cat_n_estimators": 119, "cat_learning_rate": 0.051597358039802095, "cat_depth": 6}