{"xgb_n_estimators": 148, "xgb_learning_rate": 0.04345724434430484, "xgb_max_depth": 4, "xgb_subsample": 0.9246026996349356, "xgb_colsample_bytree": 0.876047180064534, "xgb_alpha": 0.13468698957128106, "xgb_lambda": 0.26156527334693597, "lgb_n_estimators": 114, "lgb_learning_rate": 0.03825478998717408, "lgb_max_depth": 4, "lgb_subsample": 0.8732847936492811, "lgb_colsample_bytree": 0.9672065478738813, "lgb_reg_alpha": 0.0017261542491108942, "lgb_reg_lambda": 0.6334985953055233, "cat_n_estimators": 123, "cat_learning_rate": 0.015031050838237376, "cat_depth": 4}